iter,utterance_length,nb_utterances,produced,production_score
1,2,1886,1886,1.0
1,3,1490,1084,0.72751677852349
1,4,803,394,0.49066002490660027
1,5,435,130,0.2988505747126437
1,7,79,7,0.08860759493670886
1,6,176,30,0.17045454545454544
1,8,33,2,0.06060606060606061
1,11,2,0,0.0
1,9,10,0,0.0
1,12,1,0,0.0
1,13,2,0,0.0
1,14,1,0,0.0
1,10,6,0,0.0
