iter,utterance_length,nb_utterances,produced,production_score
1,2,1972,1972,1.0
1,3,1537,1253,0.815224463240078
1,4,1037,557,0.5371263259402121
1,5,518,175,0.33783783783783783
1,6,260,55,0.21153846153846154
1,9,21,0,0.0
1,7,130,19,0.14615384615384616
1,8,63,4,0.06349206349206349
1,10,7,0,0.0
1,13,1,0,0.0
1,12,3,0,0.0
1,11,5,0,0.0
