iter,utterance_length,nb_utterances,produced,production_score
1,3,2141,1725,0.8056982718355908
1,2,2788,2788,1.0
1,4,1332,668,0.5015015015015015
1,5,599,170,0.2838063439065108
1,8,54,4,0.07407407407407407
1,6,297,49,0.16498316498316498
1,7,115,12,0.10434782608695652
1,11,5,0,0.0
1,12,2,0,0.0
1,9,17,1,0.058823529411764705
1,10,11,0,0.0
1,14,1,0,0.0
