iter,utterance_length,nb_utterances,produced,production_score
1,3,196,133,0.6785714285714286
1,2,186,186,1.0
1,6,94,13,0.13829787234042554
1,4,185,86,0.4648648648648649
1,9,22,0,0.0
1,5,156,39,0.25
1,13,7,0,0.0
1,7,58,2,0.034482758620689655
1,8,33,2,0.06060606060606061
1,10,11,0,0.0
1,12,6,0,0.0
1,14,1,0,0.0
1,15,3,0,0.0
1,11,2,0,0.0
1,16,3,0,0.0
