iter,utterance_length,nb_utterances,produced,production_score
1,3,244,185,0.7581967213114754
1,2,197,197,1.0
1,4,255,105,0.4117647058823529
1,5,209,56,0.2679425837320574
1,7,106,5,0.04716981132075472
1,13,10,0,0.0
1,8,60,2,0.03333333333333333
1,6,157,19,0.12101910828025478
1,14,6,0,0.0
1,11,15,0,0.0
1,9,39,0,0.0
1,12,9,0,0.0
1,10,28,0,0.0
1,15,6,0,0.0
1,16,2,0,0.0
