iter,utterance_length,nb_utterances,produced,production_score
1,3,374,315,0.8422459893048129
1,2,375,375,1.0
1,4,329,185,0.5623100303951368
1,8,86,6,0.06976744186046512
1,6,208,39,0.1875
1,7,122,11,0.09016393442622951
1,5,276,100,0.36231884057971014
1,9,60,4,0.06666666666666667
1,12,16,0,0.0
1,10,34,0,0.0
1,13,13,0,0.0
1,14,7,0,0.0
1,16,11,0,0.0
1,11,21,0,0.0
1,15,8,0,0.0
