iter,utterance_length,nb_utterances,produced,production_score
1,4,402,149,0.3706467661691542
1,7,80,7,0.0875
1,8,45,0,0.0
1,3,482,361,0.7489626556016598
1,2,547,547,1.0
1,6,151,28,0.18543046357615894
1,5,262,93,0.3549618320610687
1,9,31,2,0.06451612903225806
1,10,17,0,0.0
1,12,3,0,0.0
1,11,7,0,0.0
1,13,3,0,0.0
1,14,1,0,0.0
1,15,1,0,0.0
