iter,utterance_length,nb_utterances,produced,production_score
1,2,1366,1366,1.0
1,3,1064,893,0.8392857142857143
1,4,473,230,0.48625792811839325
1,6,73,8,0.1095890410958904
1,5,190,44,0.23157894736842105
1,7,30,2,0.06666666666666667
1,8,18,0,0.0
1,9,7,0,0.0
1,11,2,0,0.0
1,12,1,0,0.0
1,10,2,0,0.0
