iter,utterance_length,nb_utterances,produced,production_score
1,2,154,154,1.0
1,3,234,162,0.6923076923076923
1,7,83,14,0.1686746987951807
1,5,163,59,0.3619631901840491
1,13,8,0,0.0
1,4,196,101,0.5153061224489796
1,8,74,6,0.08108108108108109
1,9,33,1,0.030303030303030304
1,6,122,27,0.22131147540983606
1,14,8,0,0.0
1,10,17,0,0.0
1,11,14,0,0.0
1,16,2,0,0.0
1,15,2,0,0.0
1,12,3,0,0.0
