iter,utterance_length,nb_utterances,produced,production_score
1,2,1645,1645,1.0
1,3,1277,929,0.7274862960062647
1,6,181,34,0.1878453038674033
1,4,714,325,0.45518207282913165
1,5,396,111,0.2803030303030303
1,9,44,0,0.0
1,8,55,4,0.07272727272727272
1,7,99,6,0.06060606060606061
1,12,7,0,0.0
1,10,21,2,0.09523809523809523
1,11,14,1,0.07142857142857142
1,13,6,0,0.0
1,14,6,0,0.0
1,15,2,0,0.0
