iter,utterance_length,nb_utterances,produced,production_score
1,5,432,98,0.22685185185185186
1,2,1044,1044,1.0
1,4,644,292,0.453416149068323
1,3,1092,870,0.7967032967032966
1,7,155,9,0.05806451612903226
1,6,244,17,0.06967213114754098
1,12,18,0,0.0
1,8,86,1,0.011627906976744186
1,9,69,1,0.014492753623188406
1,11,27,0,0.0
1,10,28,0,0.0
1,14,3,0,0.0
1,15,4,0,0.0
1,16,4,0,0.0
1,13,6,0,0.0
