iter,utterance_length,nb_utterances,produced,production_score
1,2,1592,1592,1.0
1,3,1143,829,0.7252843394575678
1,4,653,282,0.4318529862174579
1,6,135,5,0.037037037037037035
1,5,308,64,0.2077922077922078
1,7,50,0,0.0
1,8,31,0,0.0
1,9,7,0,0.0
1,12,2,0,0.0
1,10,5,0,0.0
1,11,3,0,0.0
1,16,1,0,0.0
