iter,utterance_length,nb_utterances,produced,production_score
1,2,761,761,1.0
1,4,568,287,0.5052816901408451
1,3,726,536,0.7382920110192838
1,5,362,106,0.292817679558011
1,6,227,36,0.15859030837004406
1,7,122,14,0.11475409836065574
1,8,76,3,0.039473684210526314
1,10,33,0,0.0
1,11,12,0,0.0
1,13,9,0,0.0
1,9,50,0,0.0
1,14,5,0,0.0
1,12,16,0,0.0
1,16,1,0,0.0
1,15,2,0,0.0
