iter,utterance_length,nb_utterances,produced,production_score
1,4,1042,493,0.4731285988483685
1,2,1435,1435,1.0
1,3,1499,1133,0.7558372248165444
1,7,124,10,0.08064516129032258
1,5,560,169,0.30178571428571427
1,6,227,39,0.17180616740088106
1,8,49,5,0.10204081632653061
1,9,28,1,0.03571428571428571
1,10,14,1,0.07142857142857142
1,11,7,0,0.0
1,13,5,0,0.0
1,14,1,0,0.0
1,12,3,0,0.0
