iter,utterance_length,nb_utterances,produced,production_score
1,2,4648,3173,0.6826592082616179
1,3,3709,1308,0.35265570234564575
1,4,2055,518,0.2520681265206813
1,5,1047,143,0.13658070678127984
1,7,211,10,0.04739336492890995
1,6,410,38,0.09268292682926829
1,8,81,1,0.012345679012345678
1,10,16,0,0.0
1,9,39,0,0.0
1,11,7,0,0.0
1,12,5,0,0.0
1,13,3,0,0.0
1,41,1,0,0.0
