iter,utterance_length,nb_utterances,produced,production_score
1,2,3519,2645,0.7516339869281046
1,3,2988,1199,0.40127175368139223
1,4,2176,547,0.25137867647058826
1,5,1323,144,0.10884353741496598
1,6,676,40,0.05917159763313609
1,7,340,6,0.01764705882352941
1,8,153,4,0.026143790849673203
1,9,71,0,0.0
1,10,35,0,0.0
1,12,12,0,0.0
1,11,20,0,0.0
1,15,1,0,0.0
1,14,1,0,0.0
1,13,3,0,0.0
1,17,1,0,0.0
