iter,utterance_length,nb_utterances,produced,production_score
1,3,433,177,0.40877598152424943
1,2,388,299,0.770618556701031
1,5,317,35,0.11041009463722397
1,4,393,107,0.272264631043257
1,6,222,11,0.04954954954954955
1,8,81,1,0.012345679012345678
1,7,121,0,0.0
1,9,37,0,0.0
1,10,20,0,0.0
1,11,9,0,0.0
1,12,8,0,0.0
1,16,1,0,0.0
1,25,1,0,0.0
1,14,1,0,0.0
1,13,1,0,0.0
