iter,utterance_length,nb_utterances,produced,production_score
1,4,2593,606,0.23370613189355957
1,2,4988,3507,0.7030874097834804
1,3,3742,1617,0.43212185996793157
1,5,1333,181,0.13578394598649662
1,6,675,62,0.09185185185185185
1,9,51,0,0.0
1,7,291,15,0.05154639175257732
1,10,14,0,0.0
1,8,133,2,0.015037593984962405
1,13,3,0,0.0
1,12,4,0,0.0
1,15,3,0,0.0
1,11,13,0,0.0
