iter,utterance_length,nb_utterances,produced,production_score
1,3,5488,2618,0.4770408163265306
1,2,6913,5359,0.775206133371908
1,5,1454,237,0.16299862448418156
1,4,3243,992,0.30588960838729573
1,7,281,14,0.0498220640569395
1,6,670,75,0.11194029850746269
1,8,113,3,0.02654867256637168
1,11,16,0,0.0
1,12,2,0,0.0
1,10,25,1,0.04
1,9,35,1,0.02857142857142857
1,14,2,0,0.0
1,13,4,0,0.0
