iter,utterance_length,nb_utterances,produced,production_score
1,6,229,10,0.043668122270742356
1,3,506,206,0.40711462450592883
1,2,495,307,0.6202020202020202
1,4,459,90,0.19607843137254902
1,5,364,40,0.10989010989010989
1,7,161,3,0.018633540372670808
1,9,57,0,0.0
1,8,91,0,0.0
1,13,11,0,0.0
1,12,18,0,0.0
1,10,41,0,0.0
1,11,11,0,0.0
1,24,1,0,0.0
1,14,8,0,0.0
1,15,3,0,0.0
1,16,4,0,0.0
1,23,1,0,0.0
1,17,3,0,0.0
1,22,1,0,0.0
1,27,1,0,0.0
