iter,utterance_length,nb_utterances,produced,production_score
1,4,312,70,0.22435897435897437
1,2,407,328,0.8058968058968059
1,3,358,128,0.3575418994413408
1,6,115,6,0.05217391304347826
1,5,201,16,0.07960199004975124
1,7,94,4,0.0425531914893617
1,8,46,1,0.021739130434782608
1,9,36,0,0.0
1,12,6,0,0.0
1,11,11,0,0.0
1,10,16,0,0.0
1,13,3,0,0.0
1,16,1,0,0.0
1,14,1,0,0.0
1,15,1,0,0.0
