iter,utterance_length,nb_utterances,produced,production_score
1,2,5249,3775,0.7191846065917318
1,3,3296,1358,0.41201456310679613
1,4,1897,499,0.26304691618344755
1,9,40,0,0.0
1,5,898,108,0.12026726057906459
1,7,189,5,0.026455026455026454
1,6,409,22,0.05378973105134474
1,8,80,3,0.0375
1,12,4,0,0.0
1,10,14,0,0.0
1,15,2,0,0.0
1,13,2,0,0.0
1,11,3,0,0.0
1,14,2,0,0.0
