iter,utterance_length,nb_utterances,produced,production_score
1,2,491,360,0.7331975560081466
1,3,659,284,0.4309559939301973
1,7,228,4,0.017543859649122806
1,5,499,53,0.1062124248496994
1,4,637,145,0.22762951334379905
1,6,375,14,0.037333333333333336
1,12,25,0,0.0
1,17,4,0,0.0
1,8,143,0,0.0
1,9,73,0,0.0
1,10,44,0,0.0
1,21,1,0,0.0
1,11,33,0,0.0
1,14,12,0,0.0
1,15,6,0,0.0
1,16,4,0,0.0
1,22,1,0,0.0
1,18,5,0,0.0
1,13,18,0,0.0
1,20,1,0,0.0
1,27,1,0,0.0
1,24,1,0,0.0
