iter,utterance_length,nb_utterances,produced,production_score
1,4,888,227,0.25563063063063063
1,2,1346,1068,0.7934621099554234
1,6,326,30,0.09202453987730061
1,3,1182,554,0.4686971235194585
1,7,186,9,0.04838709677419355
1,5,573,99,0.17277486910994763
1,8,96,0,0.0
1,15,4,0,0.0
1,9,64,3,0.046875
1,21,1,0,0.0
1,24,1,0,0.0
1,10,30,0,0.0
1,12,13,0,0.0
1,16,1,0,0.0
1,11,7,0,0.0
1,14,2,0,0.0
1,23,1,0,0.0
1,13,3,0,0.0
1,17,1,0,0.0
1,19,1,0,0.0
