iter,utterance_length,nb_utterances,produced,production_score
1,2,3661,2499,0.6826003824091779
1,3,2780,936,0.3366906474820144
1,4,1635,397,0.24281345565749235
1,5,844,95,0.11255924170616113
1,6,418,26,0.06220095693779904
1,7,244,5,0.020491803278688523
1,9,73,1,0.0136986301369863
1,8,135,2,0.014814814814814815
1,11,16,0,0.0
1,10,30,0,0.0
1,13,3,0,0.0
1,14,5,0,0.0
1,15,1,0,0.0
1,12,5,0,0.0
1,17,1,0,0.0
