iter,utterance_length,nb_utterances,produced,production_score
1,2,1949,1259,0.6459722934838379
1,3,1740,605,0.34770114942528735
1,4,1391,278,0.19985621854780733
1,5,962,127,0.13201663201663202
1,6,594,34,0.05723905723905724
1,9,117,0,0.0
1,7,305,11,0.036065573770491806
1,8,177,2,0.011299435028248588
1,10,66,0,0.0
1,11,37,0,0.0
1,13,19,0,0.0
1,17,4,0,0.0
1,20,4,0,0.0
1,14,10,0,0.0
1,19,2,0,0.0
1,12,29,0,0.0
1,16,5,0,0.0
1,15,5,0,0.0
1,21,1,0,0.0
