iter,utterance_length,nb_utterances,produced,production_score
1,2,1429,1429,1.0
1,3,1165,1112,0.9545064377682403
1,4,871,511,0.5866819747416763
1,6,272,69,0.2536764705882353
1,7,135,23,0.17037037037037037
1,5,546,178,0.326007326007326
1,8,61,6,0.09836065573770492
1,9,29,1,0.034482758620689655
1,10,18,1,0.05555555555555555
1,11,10,0,0.0
1,12,8,0,0.0
1,14,2,0,0.0
1,13,1,0,0.0
