iter,utterance_length,nb_utterances,produced,production_score
1,2,2778,2778,1.0
1,5,608,200,0.32894736842105265
1,3,2256,2149,0.9525709219858156
1,4,1309,796,0.6080977845683728
1,7,117,10,0.08547008547008547
1,6,288,57,0.19791666666666666
1,8,54,2,0.037037037037037035
1,11,7,1,0.14285714285714285
1,10,9,0,0.0
1,12,2,0,0.0
1,9,13,0,0.0
1,14,2,0,0.0
1,13,1,0,0.0
