iter,utterance_length,nb_utterances,produced,production_score
1,2,206,206,1.0
1,4,171,83,0.4853801169590643
1,3,212,198,0.9339622641509434
1,5,158,57,0.36075949367088606
1,9,26,1,0.038461538461538464
1,10,20,0,0.0
1,6,87,20,0.22988505747126436
1,8,40,2,0.05
1,7,77,4,0.05194805194805195
1,12,11,0,0.0
1,13,4,0,0.0
1,14,3,0,0.0
1,16,3,0,0.0
1,11,5,0,0.0
1,15,3,0,0.0
