iter,utterance_length,nb_utterances,produced,production_score
1,2,166,166,1.0
1,4,136,88,0.6470588235294118
1,3,150,149,0.9933333333333333
1,5,85,35,0.4117647058823529
1,6,51,19,0.37254901960784315
1,8,20,1,0.05
1,7,37,7,0.1891891891891892
1,9,14,1,0.07142857142857142
1,12,3,0,0.0
1,11,6,0,0.0
1,10,9,0,0.0
1,13,1,0,0.0
1,14,1,0,0.0
