iter,utterance_length,nb_utterances,produced,production_score
1,2,2031,2031,1.0
1,3,1329,1252,0.9420617005267118
1,4,733,432,0.5893587994542974
1,5,368,114,0.30978260869565216
1,6,176,34,0.19318181818181818
1,7,90,11,0.12222222222222222
1,12,1,0,0.0
1,8,37,1,0.02702702702702703
1,9,16,2,0.125
1,10,4,0,0.0
1,13,2,0,0.0
1,11,1,0,0.0
1,14,1,0,0.0
