iter,utterance_length,nb_utterances,produced,production_score
1,3,260,249,0.9576923076923077
1,2,181,181,1.0
1,5,221,49,0.22171945701357465
1,4,263,139,0.5285171102661597
1,8,74,1,0.013513513513513514
1,13,12,0,0.0
1,10,35,0,0.0
1,9,42,0,0.0
1,7,83,8,0.0963855421686747
1,6,147,21,0.14285714285714285
1,11,16,0,0.0
1,14,5,0,0.0
1,12,4,0,0.0
1,15,2,0,0.0
1,16,1,0,0.0
