iter,utterance_length,nb_utterances,produced,production_score
1,2,1160,1160,1.0
1,4,710,330,0.4647887323943662
1,3,1030,965,0.9368932038834952
1,6,259,36,0.138996138996139
1,8,98,2,0.02040816326530612
1,5,438,113,0.2579908675799087
1,7,155,10,0.06451612903225806
1,9,45,0,0.0
1,10,28,2,0.07142857142857142
1,11,14,0,0.0
1,12,5,0,0.0
1,14,1,0,0.0
1,16,2,0,0.0
1,13,6,0,0.0
1,15,1,0,0.0
