iter,utterance_length,nb_utterances,produced,production_score
1,2,1024,1024,1.0
1,4,648,316,0.4876543209876543
1,3,907,847,0.9338478500551268
1,5,342,100,0.29239766081871343
1,6,223,33,0.14798206278026907
1,10,14,0,0.0
1,9,27,0,0.0
1,8,50,3,0.06
1,13,5,0,0.0
1,7,86,7,0.08139534883720931
1,12,5,0,0.0
1,11,12,0,0.0
1,14,1,0,0.0
