iter,utterance_length,nb_utterances,produced,production_score
1,4,427,196,0.45901639344262296
1,3,503,456,0.9065606361829026
1,2,540,540,1.0
1,5,250,97,0.388
1,8,37,2,0.05405405405405406
1,6,148,47,0.31756756756756754
1,7,85,6,0.07058823529411765
1,9,26,0,0.0
1,10,17,0,0.0
1,13,2,0,0.0
1,11,2,0,0.0
1,12,3,0,0.0
1,14,3,0,0.0
1,16,1,0,0.0
1,15,1,0,0.0
