iter,utterance_length,nb_utterances,produced,production_score
1,2,1903,1903,1.0
1,3,1641,1552,0.9457647775746496
1,7,345,46,0.13333333333333333
1,9,139,3,0.02158273381294964
1,4,1223,733,0.5993458708094849
1,12,51,0,0.0
1,8,243,27,0.1111111111111111
1,15,22,0,0.0
1,5,859,321,0.37369033760186265
1,16,17,0,0.0
1,6,512,132,0.2578125
1,10,84,2,0.023809523809523808
1,11,67,0,0.0
1,14,37,0,0.0
1,13,39,0,0.0
