iter,utterance_length,nb_utterances,produced,production_score
1,2,1487,1487,1.0
1,3,1141,1081,0.9474145486415425
1,4,654,400,0.6116207951070336
1,5,321,132,0.411214953271028
1,6,173,57,0.32947976878612717
1,7,93,14,0.15053763440860216
1,8,51,5,0.09803921568627451
1,10,17,0,0.0
1,11,6,0,0.0
1,9,32,2,0.0625
1,14,2,0,0.0
1,12,1,0,0.0
1,13,1,0,0.0
