iter,utterance_length,nb_utterances,produced,production_score
1,2,170,170,1.0
1,3,227,217,0.9559471365638766
1,4,192,114,0.59375
1,5,161,64,0.39751552795031053
1,10,21,0,0.0
1,13,6,0,0.0
1,7,95,23,0.24210526315789474
1,8,70,10,0.14285714285714285
1,9,38,1,0.02631578947368421
1,6,121,39,0.32231404958677684
1,14,7,0,0.0
1,16,4,0,0.0
1,11,8,0,0.0
1,15,3,0,0.0
1,12,2,0,0.0
