iter,utterance_length,nb_utterances,produced,production_score
1,3,358,344,0.9608938547486033
1,5,212,62,0.29245283018867924
1,4,305,162,0.5311475409836065
1,6,165,27,0.16363636363636364
1,2,355,355,1.0
1,10,25,0,0.0
1,7,115,6,0.05217391304347826
1,12,17,0,0.0
1,8,68,5,0.07352941176470588
1,15,6,0,0.0
1,9,61,3,0.04918032786885246
1,11,20,0,0.0
1,16,2,0,0.0
1,14,12,0,0.0
1,13,13,0,0.0
