iter,utterance_length,nb_utterances,produced,production_score
1,2,776,776,1.0
1,3,666,634,0.9519519519519519
1,4,552,299,0.5416666666666666
1,5,386,118,0.30569948186528495
1,6,230,41,0.1782608695652174
1,9,53,0,0.0
1,7,136,16,0.11764705882352941
1,8,71,1,0.014084507042253521
1,13,7,0,0.0
1,11,12,0,0.0
1,12,12,0,0.0
1,10,30,0,0.0
1,16,2,0,0.0
1,14,7,0,0.0
1,15,3,0,0.0
