iter,utterance_length,nb_utterances,produced,production_score
1,4,1036,632,0.61003861003861
1,2,1460,1460,1.0
1,3,1535,1462,0.952442996742671
1,5,553,190,0.3435804701627486
1,6,267,82,0.30711610486891383
1,7,119,13,0.1092436974789916
1,8,49,6,0.12244897959183673
1,10,16,1,0.0625
1,9,26,1,0.038461538461538464
1,13,3,0,0.0
1,11,5,0,0.0
1,12,2,0,0.0
1,14,1,0,0.0
