iter,utterance_length,nb_utterances,produced,production_score
1,2,997,997,1.0
1,3,1626,1545,0.9501845018450185
1,5,1892,739,0.3905919661733615
1,8,720,2,0.002777777777777778
1,7,1114,7,0.0062836624775583485
1,4,1923,1185,0.6162246489859594
1,6,1520,13,0.008552631578947369
1,16,35,0,0.0
1,9,471,0,0.0
1,12,136,1,0.007352941176470588
1,10,316,0,0.0
1,13,94,0,0.0
1,11,216,0,0.0
1,14,52,1,0.019230769230769232
1,15,52,0,0.0
