iter,utterance_length,nb_utterances,produced,production_score
1,2,1424,1424,1.0
1,3,1166,1122,0.9622641509433962
1,4,895,532,0.5944134078212291
1,5,556,170,0.3057553956834532
1,6,283,82,0.28975265017667845
1,7,133,13,0.09774436090225563
1,8,71,4,0.056338028169014086
1,9,26,1,0.038461538461538464
1,10,17,1,0.058823529411764705
1,12,4,0,0.0
1,11,9,0,0.0
1,13,1,0,0.0
1,14,1,0,0.0
