iter,utterance_length,nb_utterances,produced,production_score
1,2,1972,1972,1.0
1,3,1537,1488,0.9681197137280416
1,4,1037,668,0.6441658630665381
1,5,518,192,0.37065637065637064
1,6,260,71,0.27307692307692305
1,9,21,5,0.23809523809523808
1,7,130,27,0.2076923076923077
1,8,63,6,0.09523809523809523
1,10,7,0,0.0
1,13,1,0,0.0
1,12,3,0,0.0
1,11,5,0,0.0
