iter,utterance_length,nb_utterances,produced,production_score
1,3,196,185,0.9438775510204082
1,2,186,186,1.0
1,6,94,22,0.23404255319148937
1,4,185,107,0.5783783783783784
1,9,22,0,0.0
1,5,156,47,0.30128205128205127
1,13,7,0,0.0
1,7,58,6,0.10344827586206896
1,8,33,4,0.12121212121212122
1,10,11,0,0.0
1,12,6,0,0.0
1,14,1,0,0.0
1,15,3,0,0.0
1,11,2,0,0.0
1,16,3,0,0.0
