iter,utterance_length,nb_utterances,produced,production_score
1,4,134,85,0.6343283582089553
1,2,158,158,1.0
1,3,157,152,0.9681528662420382
1,7,36,1,0.027777777777777776
1,5,76,39,0.5131578947368421
1,6,48,0,0.0
1,8,18,0,0.0
1,10,7,0,0.0
1,11,3,0,0.0
1,9,11,0,0.0
1,14,2,0,0.0
1,16,1,0,0.0
1,12,3,0,0.0
