iter,utterance_length,nb_utterances,produced,production_score
1,3,244,231,0.9467213114754098
1,2,197,197,1.0
1,4,255,126,0.49411764705882355
1,5,209,64,0.3062200956937799
1,7,106,22,0.20754716981132076
1,13,10,0,0.0
1,8,60,4,0.06666666666666667
1,6,157,32,0.20382165605095542
1,14,6,0,0.0
1,11,15,0,0.0
1,9,39,0,0.0
1,12,9,0,0.0
1,10,28,0,0.0
1,15,6,0,0.0
1,16,2,0,0.0
