iter,utterance_length,nb_utterances,produced,production_score
1,4,402,181,0.4502487562189055
1,7,80,7,0.0875
1,8,45,3,0.06666666666666667
1,3,482,440,0.9128630705394191
1,2,547,547,1.0
1,6,151,44,0.2913907284768212
1,5,262,99,0.37786259541984735
1,9,31,1,0.03225806451612903
1,10,17,0,0.0
1,12,3,0,0.0
1,11,7,0,0.0
1,13,3,0,0.0
1,14,1,0,0.0
1,15,1,0,0.0
