iter,utterance_length,nb_utterances,produced,production_score
1,2,1366,1366,1.0
1,3,1064,1036,0.9736842105263158
1,4,473,293,0.6194503171247357
1,6,73,16,0.2191780821917808
1,5,190,84,0.4421052631578947
1,7,30,3,0.1
1,8,18,0,0.0
1,9,7,2,0.2857142857142857
1,11,2,0,0.0
1,12,1,0,0.0
1,10,2,0,0.0
