iter,utterance_length,nb_utterances,produced,production_score
1,2,154,154,1.0
1,3,234,225,0.9615384615384616
1,7,83,13,0.1566265060240964
1,5,163,75,0.4601226993865031
1,13,8,0,0.0
1,4,196,116,0.5918367346938775
1,8,74,12,0.16216216216216217
1,9,33,1,0.030303030303030304
1,6,122,42,0.3442622950819672
1,14,8,0,0.0
1,10,17,0,0.0
1,11,14,0,0.0
1,16,2,0,0.0
1,15,2,0,0.0
1,12,3,0,0.0
