iter,utterance_length,nb_utterances,produced,production_score
1,2,1645,1645,1.0
1,3,1277,1166,0.9130775254502741
1,6,181,49,0.27071823204419887
1,4,714,415,0.5812324929971989
1,5,396,151,0.3813131313131313
1,9,44,2,0.045454545454545456
1,8,55,8,0.14545454545454545
1,7,99,15,0.15151515151515152
1,12,7,0,0.0
1,10,21,2,0.09523809523809523
1,11,14,1,0.07142857142857142
1,13,6,0,0.0
1,14,6,0,0.0
1,15,2,0,0.0
