iter,utterance_length,nb_utterances,produced,production_score
1,5,432,144,0.3333333333333333
1,2,1044,1044,1.0
1,4,644,359,0.5574534161490683
1,3,1092,1054,0.9652014652014652
1,7,155,11,0.07096774193548387
1,6,244,30,0.12295081967213115
1,12,18,0,0.0
1,8,86,3,0.03488372093023256
1,9,69,4,0.057971014492753624
1,11,27,0,0.0
1,10,28,0,0.0
1,14,3,0,0.0
1,15,4,0,0.0
1,16,4,0,0.0
1,13,6,0,0.0
