iter,utterance_length,nb_utterances,produced,production_score
1,2,2106,2106,1.0
1,4,1582,1015,0.6415929203539823
1,3,2328,2217,0.9523195876288659
1,5,1112,431,0.38758992805755393
1,8,227,0,0.0
1,6,705,9,0.01276595744680851
1,7,441,4,0.009070294784580499
1,9,140,3,0.02142857142857143
1,10,78,0,0.0
1,11,52,0,0.0
1,12,21,1,0.047619047619047616
1,13,17,0,0.0
1,14,17,0,0.0
1,15,7,0,0.0
1,16,4,0,0.0
