iter,utterance_length,nb_utterances,produced,production_score
1,2,761,761,1.0
1,4,568,338,0.5950704225352113
1,3,726,688,0.9476584022038568
1,5,362,125,0.3453038674033149
1,6,227,57,0.2511013215859031
1,7,122,21,0.1721311475409836
1,8,76,4,0.05263157894736842
1,10,33,0,0.0
1,11,12,0,0.0
1,13,9,0,0.0
1,9,50,0,0.0
1,14,5,0,0.0
1,12,16,0,0.0
1,16,1,0,0.0
1,15,2,0,0.0
