iter,utterance_length,nb_utterances,produced,production_score
1,2,3596,3596,1.0
1,3,3695,2683,0.7261163734776725
1,4,2918,1393,0.47738176833447565
1,5,1974,643,0.32573454913880445
1,6,1296,231,0.17824074074074073
1,7,793,102,0.12862547288776796
1,8,478,34,0.07112970711297072
1,12,52,1,0.019230769230769232
1,9,268,13,0.048507462686567165
1,14,15,0,0.0
1,11,62,0,0.0
1,10,146,0,0.0
1,13,28,0,0.0
1,15,10,0,0.0
1,16,9,0,0.0
