iter,utterance_length,nb_utterances,produced,production_score
1,2,1429,1429,1.0
1,3,1165,896,0.769098712446352
1,4,871,414,0.4753157290470723
1,6,272,51,0.1875
1,7,135,9,0.06666666666666667
1,5,546,144,0.26373626373626374
1,8,61,3,0.04918032786885246
1,9,29,0,0.0
1,10,18,1,0.05555555555555555
1,11,10,0,0.0
1,12,8,0,0.0
1,14,2,0,0.0
1,13,1,0,0.0
