iter,utterance_length,nb_utterances,produced,production_score
1,4,1040,502,0.4826923076923077
1,2,1968,1968,1.0
1,3,1562,1241,0.79449423815621
1,5,553,201,0.36347197106690776
1,6,266,66,0.24812030075187969
1,7,122,17,0.13934426229508196
1,10,6,0,0.0
1,8,52,2,0.038461538461538464
1,9,21,0,0.0
1,13,3,0,0.0
1,12,2,0,0.0
1,11,5,0,0.0
