iter,utterance_length,nb_utterances,produced,production_score
1,2,2778,2778,1.0
1,5,608,160,0.2631578947368421
1,3,2256,1819,0.8062943262411347
1,4,1309,626,0.4782276546982429
1,7,117,8,0.06837606837606838
1,6,288,42,0.14583333333333334
1,8,54,1,0.018518518518518517
1,11,7,0,0.0
1,10,9,1,0.1111111111111111
1,12,2,0,0.0
1,9,13,0,0.0
1,14,2,0,0.0
1,13,1,0,0.0
