iter,utterance_length,nb_utterances,produced,production_score
1,2,166,166,1.0
1,4,136,70,0.5147058823529411
1,3,150,112,0.7466666666666667
1,5,85,29,0.3411764705882353
1,6,51,8,0.1568627450980392
1,8,20,1,0.05
1,7,37,4,0.10810810810810811
1,9,14,1,0.07142857142857142
1,12,3,0,0.0
1,11,6,0,0.0
1,10,9,0,0.0
1,13,1,0,0.0
1,14,1,0,0.0
