iter,utterance_length,nb_utterances,produced,production_score
1,2,2031,2031,1.0
1,3,1329,984,0.7404063205417607
1,4,733,407,0.5552523874488404
1,5,368,103,0.2798913043478261
1,6,176,34,0.19318181818181818
1,7,90,9,0.1
1,12,1,0,0.0
1,8,37,2,0.05405405405405406
1,9,16,1,0.0625
1,10,4,0,0.0
1,13,2,0,0.0
1,11,1,0,0.0
1,14,1,0,0.0
