iter,utterance_length,nb_utterances,produced,production_score
1,3,260,196,0.7538461538461538
1,2,181,181,1.0
1,5,221,40,0.18099547511312217
1,4,263,99,0.376425855513308
1,8,74,0,0.0
1,13,12,0,0.0
1,10,35,0,0.0
1,9,42,1,0.023809523809523808
1,7,83,2,0.024096385542168676
1,6,147,14,0.09523809523809523
1,11,16,0,0.0
1,14,5,0,0.0
1,12,4,0,0.0
1,15,2,0,0.0
1,16,1,0,0.0
