iter,utterance_length,nb_utterances,produced,production_score
1,2,1024,1024,1.0
1,4,648,271,0.4182098765432099
1,3,907,676,0.7453142227122381
1,5,342,81,0.23684210526315788
1,6,223,24,0.10762331838565023
1,10,14,0,0.0
1,9,27,0,0.0
1,8,50,1,0.02
1,13,5,0,0.0
1,7,86,2,0.023255813953488372
1,12,5,0,0.0
1,11,12,0,0.0
1,14,1,0,0.0
