iter,utterance_length,nb_utterances,produced,production_score
1,3,1248,905,0.7251602564102564
1,2,1306,1306,1.0
1,4,778,330,0.4241645244215938
1,5,407,131,0.32186732186732187
1,7,93,17,0.1827956989247312
1,6,188,50,0.26595744680851063
1,9,13,1,0.07692307692307693
1,8,30,2,0.06666666666666667
1,10,9,1,0.1111111111111111
1,16,1,0,0.0
1,11,3,0,0.0
1,13,1,0,0.0
