iter,utterance_length,nb_utterances,produced,production_score
1,4,427,178,0.4168618266978923
1,3,503,369,0.7335984095427436
1,2,540,540,1.0
1,5,250,75,0.3
1,8,37,0,0.0
1,6,148,34,0.22972972972972974
1,7,85,3,0.03529411764705882
1,9,26,0,0.0
1,10,17,0,0.0
1,13,2,0,0.0
1,11,2,0,0.0
1,12,3,0,0.0
1,14,3,0,0.0
1,16,1,0,0.0
1,15,1,0,0.0
