iter,utterance_length,nb_utterances,produced,production_score
1,3,3660,3068,0.8382513661202186
1,4,3328,2232,0.6706730769230769
1,2,3215,3215,1.0
1,6,1281,480,0.3747072599531616
1,5,2252,1133,0.5031083481349912
1,10,95,3,0.031578947368421054
1,7,686,178,0.2594752186588921
1,9,144,13,0.09027777777777778
1,8,358,46,0.12849162011173185
1,11,51,1,0.0196078431372549
1,12,37,1,0.02702702702702703
1,13,20,0,0.0
1,14,7,0,0.0
1,15,6,0,0.0
1,16,5,0,0.0
