iter,utterance_length,nb_utterances,produced,production_score
1,2,776,776,1.0
1,3,666,480,0.7207207207207207
1,4,552,256,0.463768115942029
1,5,386,111,0.28756476683937826
1,6,230,24,0.10434782608695652
1,9,53,0,0.0
1,7,136,10,0.07352941176470588
1,8,71,2,0.028169014084507043
1,13,7,0,0.0
1,11,12,1,0.08333333333333333
1,12,12,0,0.0
1,10,30,0,0.0
1,16,2,0,0.0
1,14,7,0,0.0
1,15,3,0,0.0
