iter,utterance_length,nb_utterances,produced,production_score
1,4,1036,547,0.527992277992278
1,2,1460,1460,1.0
1,3,1535,1196,0.7791530944625407
1,5,553,179,0.32368896925858953
1,6,267,70,0.26217228464419473
1,7,119,14,0.11764705882352941
1,8,49,5,0.10204081632653061
1,10,16,1,0.0625
1,9,26,1,0.038461538461538464
1,13,3,0,0.0
1,11,5,0,0.0
1,12,2,0,0.0
1,14,1,0,0.0
