iter,utterance_length,nb_utterances,produced,production_score
1,4,734,322,0.43869209809264303
1,7,138,12,0.08695652173913043
1,5,398,100,0.25125628140703515
1,8,73,3,0.0410958904109589
1,6,235,39,0.16595744680851063
1,14,7,1,0.14285714285714285
1,2,2169,2169,1.0
1,11,10,3,0.3
1,3,1277,905,0.7086922474549726
1,10,15,1,0.06666666666666667
1,13,6,0,0.0
1,9,29,2,0.06896551724137931
1,12,13,0,0.0
1,15,5,0,0.0
1,16,2,0,0.0
1,23,1,0,0.0
