iter,utterance_length,nb_utterances,produced,production_score
1,2,1908,1908,1.0
1,3,1528,1171,0.7663612565445026
1,4,815,424,0.5202453987730061
1,5,436,143,0.32798165137614677
1,6,171,31,0.18128654970760233
1,8,34,0,0.0
1,10,7,0,0.0
1,7,90,14,0.15555555555555556
1,9,19,1,0.05263157894736842
1,12,2,0,0.0
1,11,2,0,0.0
