iter,utterance_length,nb_utterances,produced,production_score
1,2,1428,1428,1.0
1,3,1156,929,0.8036332179930796
1,4,870,412,0.4735632183908046
1,5,538,149,0.27695167286245354
1,6,271,47,0.17343173431734318
1,7,131,12,0.0916030534351145
1,8,53,3,0.05660377358490566
1,9,31,0,0.0
1,10,17,0,0.0
1,11,13,0,0.0
1,12,4,0,0.0
1,15,1,0,0.0
1,14,2,0,0.0
1,13,2,0,0.0
1,17,1,0,0.0
