iter,utterance_length,nb_utterances,produced,production_score
1,2,171,171,1.0
1,3,147,111,0.7551020408163265
1,4,107,66,0.616822429906542
1,5,67,27,0.40298507462686567
1,6,49,14,0.2857142857142857
1,7,37,7,0.1891891891891892
1,11,7,0,0.0
1,9,18,0,0.0
1,8,21,2,0.09523809523809523
1,10,8,0,0.0
1,12,4,0,0.0
1,13,1,0,0.0
1,16,1,0,0.0
1,15,1,0,0.0
