iter,utterance_length,nb_utterances,produced,production_score
1,3,253,196,0.7747035573122529
1,4,259,110,0.4247104247104247
1,2,195,195,1.0
1,5,210,46,0.21904761904761905
1,7,92,6,0.06521739130434782
1,8,73,2,0.0273972602739726
1,13,9,0,0.0
1,10,24,0,0.0
1,9,35,0,0.0
1,6,164,16,0.0975609756097561
1,12,11,0,0.0
1,23,1,0,0.0
1,11,15,0,0.0
1,14,5,0,0.0
1,15,2,0,0.0
1,16,3,0,0.0
1,20,1,0,0.0
1,19,1,0,0.0
1,17,1,0,0.0
