iter,utterance_length,nb_utterances,produced,production_score
1,3,385,320,0.8311688311688312
1,2,350,350,1.0
1,4,329,182,0.5531914893617021
1,8,87,4,0.04597701149425287
1,6,176,26,0.14772727272727273
1,5,272,98,0.3602941176470588
1,7,123,11,0.08943089430894309
1,9,64,1,0.015625
1,10,39,0,0.0
1,13,14,0,0.0
1,14,8,0,0.0
1,15,8,0,0.0
1,11,27,0,0.0
1,22,1,0,0.0
1,12,12,0,0.0
1,16,6,0,0.0
1,32,1,0,0.0
1,30,1,0,0.0
1,19,2,0,0.0
1,23,1,0,0.0
1,18,1,0,0.0
1,17,2,0,0.0
1,20,2,0,0.0
1,21,1,0,0.0
