iter,utterance_length,nb_utterances,produced,production_score
1,2,1005,1005,1.0
1,4,627,273,0.4354066985645933
1,3,904,655,0.7245575221238938
1,8,45,2,0.044444444444444446
1,11,10,0,0.0
1,5,357,80,0.22408963585434175
1,9,31,0,0.0
1,6,224,32,0.14285714285714285
1,7,102,6,0.058823529411764705
1,10,17,0,0.0
1,13,4,0,0.0
1,12,6,0,0.0
1,24,1,0,0.0
1,25,1,0,0.0
1,17,1,0,0.0
1,14,2,0,0.0
1,15,1,0,0.0
1,16,1,0,0.0
