iter,utterance_length,nb_utterances,produced,production_score
1,3,1207,903,0.748135874067937
1,2,1293,1293,1.0
1,4,835,407,0.4874251497005988
1,5,415,172,0.41445783132530123
1,7,87,12,0.13793103448275862
1,8,35,3,0.08571428571428572
1,6,186,59,0.3172043010752688
1,9,9,0,0.0
1,10,11,0,0.0
1,12,2,0,0.0
1,16,1,0,0.0
1,11,2,0,0.0
1,13,3,0,0.0
