iter,utterance_length,nb_utterances,produced,production_score
1,2,495,495,1.0
1,4,399,159,0.39849624060150374
1,7,91,3,0.03296703296703297
1,3,445,322,0.7235955056179775
1,11,8,0,0.0
1,5,267,91,0.3408239700374532
1,6,140,32,0.22857142857142856
1,8,40,1,0.025
1,17,1,0,0.0
1,21,1,0,0.0
1,9,36,2,0.05555555555555555
1,10,20,0,0.0
1,12,4,0,0.0
1,14,2,0,0.0
1,13,4,0,0.0
1,16,1,0,0.0
