iter,utterance_length,nb_utterances,produced,production_score
1,3,246,183,0.7439024390243902
1,4,221,108,0.48868778280542985
1,7,107,18,0.16822429906542055
1,5,182,69,0.3791208791208791
1,10,18,1,0.05555555555555555
1,6,117,21,0.1794871794871795
1,11,12,0,0.0
1,2,151,151,1.0
1,8,66,2,0.030303030303030304
1,14,9,0,0.0
1,16,3,0,0.0
1,9,37,1,0.02702702702702703
1,15,5,0,0.0
1,13,6,0,0.0
1,19,1,0,0.0
1,17,2,0,0.0
1,12,1,0,0.0
