iter,utterance_length,nb_utterances,produced,production_score
1,4,728,355,0.4876373626373626
1,3,1274,956,0.750392464678179
1,2,1594,1594,1.0
1,6,193,30,0.15544041450777202
1,5,360,117,0.325
1,9,30,0,0.0
1,13,8,0,0.0
1,8,58,4,0.06896551724137931
1,7,98,11,0.11224489795918367
1,10,22,1,0.045454545454545456
1,11,15,2,0.13333333333333333
1,16,2,0,0.0
1,19,2,0,0.0
1,18,2,1,0.5
1,14,6,0,0.0
1,12,3,0,0.0
1,17,3,1,0.3333333333333333
1,22,3,0,0.0
1,21,1,0,0.0
1,15,1,0,0.0
1,38,1,0,0.0
1,23,1,0,0.0
