iter,utterance_length,nb_utterances,produced,production_score
1,3,1102,885,0.8030852994555354
1,2,1005,1005,1.0
1,7,150,9,0.06
1,4,638,305,0.4780564263322884
1,5,404,97,0.2400990099009901
1,6,224,11,0.049107142857142856
1,8,74,1,0.013513513513513514
1,9,60,0,0.0
1,11,24,0,0.0
1,10,38,0,0.0
1,28,1,0,0.0
1,17,8,0,0.0
1,15,9,0,0.0
1,12,13,0,0.0
1,30,1,0,0.0
1,13,6,0,0.0
1,14,3,0,0.0
1,35,1,0,0.0
1,16,3,0,0.0
1,29,1,0,0.0
