iter,utterance_length,nb_utterances,produced,production_score
1,5,230,54,0.23478260869565218
1,3,378,280,0.7407407407407407
1,4,320,136,0.425
1,2,355,355,1.0
1,6,166,25,0.15060240963855423
1,8,88,3,0.03409090909090909
1,7,120,6,0.05
1,18,1,0,0.0
1,14,13,0,0.0
1,10,25,0,0.0
1,11,26,0,0.0
1,9,45,0,0.0
1,12,18,0,0.0
1,16,5,0,0.0
1,17,5,0,0.0
1,13,10,0,0.0
1,30,2,0,0.0
1,21,1,0,0.0
1,15,6,0,0.0
1,28,1,0,0.0
1,23,2,0,0.0
1,25,1,0,0.0
1,20,1,0,0.0
