iter,utterance_length,nb_utterances,produced,production_score
1,2,786,786,1.0
1,3,670,503,0.7507462686567165
1,4,592,275,0.46452702702702703
1,5,396,135,0.3409090909090909
1,6,223,32,0.14349775784753363
1,9,61,0,0.0
1,10,25,0,0.0
1,7,129,15,0.11627906976744186
1,8,70,2,0.02857142857142857
1,20,4,0,0.0
1,11,14,0,0.0
1,12,15,0,0.0
1,13,9,0,0.0
1,14,4,0,0.0
1,15,1,0,0.0
1,17,3,0,0.0
1,16,2,0,0.0
1,21,1,0,0.0
