iter,utterance_length,nb_utterances,produced,production_score
1,4,998,510,0.5110220440881763
1,2,1428,1428,1.0
1,3,1466,1140,0.7776261937244202
1,5,566,148,0.26148409893992935
1,6,237,29,0.12236286919831224
1,7,128,17,0.1328125
1,8,43,4,0.09302325581395349
1,9,29,3,0.10344827586206896
1,12,4,1,0.25
1,10,17,0,0.0
1,13,3,0,0.0
1,14,1,0,0.0
1,11,6,0,0.0
