iter,utterance_length,nb_utterances,produced,production_score
1,2,3671,3671,1.0
1,3,3680,2323,0.63125
1,6,1345,6,0.0044609665427509295
1,4,2893,166,0.05737988247493951
1,8,432,0,0.0
1,5,2004,12,0.005988023952095809
1,7,764,3,0.003926701570680628
1,9,209,1,0.004784688995215311
1,10,141,1,0.0070921985815602835
1,12,45,1,0.022222222222222223
1,13,29,1,0.034482758620689655
1,11,78,0,0.0
1,14,25,0,0.0
1,15,9,0,0.0
1,16,5,0,0.0
