iter,utterance_length,nb_utterances,produced,production_score
1,2,1972,1972,1.0
1,3,1537,821,0.5341574495770982
1,4,1037,31,0.029893924783027964
1,5,518,0,0.0
1,6,260,0,0.0
1,9,21,0,0.0
1,7,130,0,0.0
1,8,63,0,0.0
1,10,7,0,0.0
1,13,1,0,0.0
1,12,3,0,0.0
1,11,5,0,0.0
