iter,utterance_length,nb_utterances,produced,production_score
1,3,196,131,0.6683673469387755
1,2,186,186,1.0
1,6,94,0,0.0
1,4,185,9,0.04864864864864865
1,9,22,0,0.0
1,5,156,2,0.01282051282051282
1,13,7,0,0.0
1,7,58,0,0.0
1,8,33,0,0.0
1,10,11,0,0.0
1,12,6,0,0.0
1,14,1,0,0.0
1,15,3,0,0.0
1,11,2,0,0.0
1,16,3,0,0.0
