iter,utterance_length,nb_utterances,produced,production_score
1,4,134,4,0.029850746268656716
1,2,158,158,1.0
1,3,157,94,0.5987261146496815
1,7,36,0,0.0
1,5,76,0,0.0
1,6,48,0,0.0
1,8,18,0,0.0
1,10,7,0,0.0
1,11,3,0,0.0
1,9,11,0,0.0
1,14,2,0,0.0
1,16,1,0,0.0
1,12,3,0,0.0
