iter,utterance_length,nb_utterances,produced,production_score
1,2,2088,2088,1.0
1,4,782,27,0.034526854219948847
1,3,1326,842,0.6349924585218703
1,9,19,0,0.0
1,5,357,0,0.0
1,6,166,0,0.0
1,7,78,0,0.0
1,8,27,0,0.0
1,12,2,0,0.0
1,10,4,0,0.0
1,11,1,0,0.0
1,15,1,0,0.0
