iter,utterance_length,nb_utterances,produced,production_score
1,3,244,141,0.5778688524590164
1,2,197,197,1.0
1,4,255,12,0.047058823529411764
1,5,209,1,0.004784688995215311
1,7,106,0,0.0
1,13,10,0,0.0
1,8,60,0,0.0
1,6,157,0,0.0
1,14,6,0,0.0
1,11,15,0,0.0
1,9,39,0,0.0
1,12,9,0,0.0
1,10,28,0,0.0
1,15,6,0,0.0
1,16,2,0,0.0
