iter,utterance_length,nb_utterances,produced,production_score
1,4,402,27,0.06716417910447761
1,7,80,0,0.0
1,8,45,0,0.0
1,3,482,298,0.6182572614107884
1,2,547,547,1.0
1,6,151,0,0.0
1,5,262,1,0.003816793893129771
1,9,31,1,0.03225806451612903
1,10,17,0,0.0
1,12,3,0,0.0
1,11,7,0,0.0
1,13,3,0,0.0
1,14,1,0,0.0
1,15,1,0,0.0
