iter,utterance_length,nb_utterances,produced,production_score
1,2,1645,1645,1.0
1,3,1277,738,0.5779169929522318
1,6,181,1,0.0055248618784530384
1,4,714,35,0.049019607843137254
1,5,396,1,0.0025252525252525255
1,9,44,0,0.0
1,8,55,0,0.0
1,7,99,1,0.010101010101010102
1,12,7,0,0.0
1,10,21,0,0.0
1,11,14,0,0.0
1,13,6,0,0.0
1,14,6,0,0.0
1,15,2,0,0.0
