iter,utterance_length,nb_utterances,produced,production_score
1,5,432,3,0.006944444444444444
1,2,1044,1044,1.0
1,4,644,34,0.052795031055900624
1,3,1092,562,0.5146520146520146
1,7,155,0,0.0
1,6,244,0,0.0
1,12,18,0,0.0
1,8,86,0,0.0
1,9,69,1,0.014492753623188406
1,11,27,0,0.0
1,10,28,0,0.0
1,14,3,0,0.0
1,15,4,0,0.0
1,16,4,0,0.0
1,13,6,0,0.0
