iter,utterance_length,nb_utterances,produced,production_score
1,2,2106,2106,1.0
1,4,1582,54,0.03413400758533502
1,3,2328,1144,0.49140893470790376
1,5,1112,10,0.008992805755395683
1,8,227,0,0.0
1,6,705,1,0.0014184397163120568
1,7,441,0,0.0
1,9,140,2,0.014285714285714285
1,10,78,0,0.0
1,11,52,0,0.0
1,12,21,1,0.047619047619047616
1,13,17,0,0.0
1,14,17,0,0.0
1,15,7,0,0.0
1,16,4,0,0.0
