iter,utterance_length,nb_utterances,produced,production_score
1,3,232,135,0.5818965517241379
1,2,338,338,1.0
1,4,134,5,0.03731343283582089
1,5,78,0,0.0
1,6,39,0,0.0
1,7,15,0,0.0
1,8,10,0,0.0
1,9,8,0,0.0
1,11,1,0,0.0
