iter,utterance_length,nb_utterances,produced,production_score
1,2,761,761,1.0
1,4,568,32,0.056338028169014086
1,3,726,461,0.6349862258953168
1,5,362,3,0.008287292817679558
1,6,227,1,0.004405286343612335
1,7,122,0,0.0
1,8,76,1,0.013157894736842105
1,10,33,0,0.0
1,11,12,0,0.0
1,13,9,0,0.0
1,9,50,0,0.0
1,14,5,0,0.0
1,12,16,0,0.0
1,16,1,0,0.0
1,15,2,0,0.0
