iter,utterance_length,nb_utterances,produced,production_score
1,4,1042,30,0.028790786948176585
1,2,1435,1435,1.0
1,3,1499,776,0.5176784523015343
1,7,124,0,0.0
1,5,560,0,0.0
1,6,227,1,0.004405286343612335
1,8,49,0,0.0
1,9,28,0,0.0
1,10,14,0,0.0
1,11,7,0,0.0
1,13,5,0,0.0
1,14,1,0,0.0
1,12,3,0,0.0
