iter,utterance_length,nb_utterances,produced,production_score
1,2,4644,4644,1.0
1,3,3726,2857,0.7667740203972088
1,4,2061,1082,0.5249878699660359
1,5,1055,350,0.33175355450236965
1,7,215,33,0.15348837209302327
1,6,416,91,0.21875
1,8,78,3,0.038461538461538464
1,10,17,0,0.0
1,9,41,3,0.07317073170731707
1,11,7,0,0.0
1,12,4,0,0.0
1,13,3,0,0.0
1,14,1,0,0.0
1,45,1,0,0.0
