iter,utterance_length,nb_utterances,produced,production_score
1,2,3542,3542,1.0
1,3,2990,2309,0.7722408026755853
1,4,2181,1107,0.5075653370013755
1,5,1338,380,0.28400597907324365
1,6,676,123,0.1819526627218935
1,7,343,30,0.08746355685131195
1,8,155,6,0.03870967741935484
1,9,68,1,0.014705882352941176
1,10,38,1,0.02631578947368421
1,12,10,0,0.0
1,11,21,0,0.0
1,15,1,0,0.0
1,14,3,0,0.0
1,13,3,0,0.0
1,17,1,0,0.0
