iter,utterance_length,nb_utterances,produced,production_score
1,3,443,317,0.7155756207674944
1,2,377,377,1.0
1,5,336,93,0.2767857142857143
1,4,391,201,0.5140664961636828
1,6,231,48,0.2077922077922078
1,8,85,4,0.047058823529411764
1,7,116,8,0.06896551724137931
1,9,41,1,0.024390243902439025
1,10,24,0,0.0
1,11,13,0,0.0
1,12,5,0,0.0
1,13,3,0,0.0
1,15,1,0,0.0
1,16,1,0,0.0
1,25,1,0,0.0
1,14,1,0,0.0
