iter,utterance_length,nb_utterances,produced,production_score
1,4,2605,1338,0.5136276391554703
1,2,4969,4969,1.0
1,3,3809,3085,0.8099238645313731
1,5,1350,449,0.3325925925925926
1,6,682,136,0.19941348973607037
1,9,52,0,0.0
1,7,301,42,0.13953488372093023
1,10,14,0,0.0
1,8,136,5,0.03676470588235294
1,13,3,0,0.0
1,12,5,0,0.0
1,15,3,0,0.0
1,11,12,0,0.0
