iter,utterance_length,nb_utterances,produced,production_score
1,3,5481,4428,0.8078817733990148
1,2,6878,6878,1.0
1,5,1504,422,0.28058510638297873
1,4,3278,1631,0.4975594874923734
1,6,695,116,0.1669064748201439
1,7,298,21,0.07046979865771812
1,8,119,3,0.025210084033613446
1,11,16,0,0.0
1,12,4,0,0.0
1,9,37,0,0.0
1,10,25,0,0.0
1,14,2,0,0.0
1,13,4,0,0.0
