iter,utterance_length,nb_utterances,produced,production_score
1,6,237,42,0.17721518987341772
1,3,509,368,0.7229862475442044
1,2,484,484,1.0
1,4,458,216,0.47161572052401746
1,5,379,102,0.2691292875989446
1,7,160,10,0.0625
1,9,58,1,0.017241379310344827
1,8,100,3,0.03
1,10,47,1,0.02127659574468085
1,13,11,0,0.0
1,12,19,0,0.0
1,24,1,0,0.0
1,14,6,0,0.0
1,15,8,0,0.0
1,16,5,0,0.0
1,11,8,0,0.0
1,23,1,0,0.0
1,18,1,0,0.0
1,22,1,0,0.0
1,17,2,0,0.0
1,27,1,0,0.0
