iter,utterance_length,nb_utterances,produced,production_score
1,4,313,157,0.5015974440894568
1,2,405,405,1.0
1,3,366,268,0.73224043715847
1,6,128,31,0.2421875
1,5,198,76,0.3838383838383838
1,7,91,13,0.14285714285714285
1,8,50,2,0.04
1,9,37,3,0.08108108108108109
1,12,8,1,0.125
1,10,18,0,0.0
1,11,11,0,0.0
1,13,2,0,0.0
1,14,2,0,0.0
1,16,1,0,0.0
1,15,1,0,0.0
1,18,1,0,0.0
