iter,utterance_length,nb_utterances,produced,production_score
1,2,474,474,1.0
1,3,633,465,0.7345971563981043
1,4,620,220,0.3548387096774194
1,7,250,8,0.032
1,5,542,111,0.2047970479704797
1,8,161,1,0.006211180124223602
1,13,23,0,0.0
1,20,3,0,0.0
1,10,68,0,0.0
1,9,94,0,0.0
1,6,383,30,0.0783289817232376
1,14,15,0,0.0
1,12,23,0,0.0
1,23,1,0,0.0
1,11,37,0,0.0
1,15,7,0,0.0
1,24,1,0,0.0
1,22,1,0,0.0
1,21,1,0,0.0
1,17,5,0,0.0
1,16,6,0,0.0
1,18,1,0,0.0
1,19,2,0,0.0
1,29,1,0,0.0
1,25,1,0,0.0
