iter,utterance_length,nb_utterances,produced,production_score
1,2,2931,2931,1.0
1,4,1735,675,0.38904899135446686
1,11,37,4,0.10810810810810811
1,3,2475,1729,0.6985858585858585
1,7,375,17,0.04533333333333334
1,8,213,9,0.04225352112676056
1,5,1107,221,0.1996386630532972
1,6,653,70,0.10719754977029096
1,10,69,1,0.014492753623188406
1,9,111,0,0.0
1,18,1,0,0.0
1,12,23,0,0.0
1,13,9,0,0.0
1,15,2,0,0.0
1,14,2,0,0.0
1,16,4,0,0.0
1,17,3,0,0.0
1,23,1,0,0.0
