iter,utterance_length,nb_utterances,produced,production_score
1,2,2525,2525,1.0
1,4,1573,688,0.43738080101716464
1,3,2332,1698,0.7281303602058319
1,8,145,3,0.020689655172413793
1,10,35,0,0.0
1,11,25,0,0.0
1,5,908,196,0.21585903083700442
1,6,523,56,0.10707456978967496
1,9,67,1,0.014925373134328358
1,14,5,1,0.2
1,7,246,20,0.08130081300813008
1,18,4,0,0.0
1,13,14,0,0.0
1,12,17,0,0.0
1,20,2,0,0.0
1,24,1,0,0.0
1,25,1,0,0.0
1,17,2,0,0.0
1,15,2,0,0.0
1,16,1,0,0.0
