iter,utterance_length,nb_utterances,produced,production_score
1,3,2924,2101,0.7185362517099864
1,2,3271,3271,1.0
1,4,1992,880,0.44176706827309237
1,5,1044,317,0.303639846743295
1,7,206,32,0.1553398058252427
1,6,484,103,0.2128099173553719
1,8,79,7,0.08860759493670886
1,9,29,1,0.034482758620689655
1,11,9,0,0.0
1,10,21,0,0.0
1,12,3,0,0.0
1,16,1,0,0.0
1,13,4,0,0.0
1,14,1,0,0.0
