iter,utterance_length,nb_utterances,produced,production_score
1,4,1006,356,0.3538767395626243
1,6,379,42,0.11081794195250659
1,2,1269,1269,1.0
1,3,1204,847,0.7034883720930233
1,7,218,8,0.03669724770642202
1,8,103,1,0.009708737864077669
1,5,651,138,0.2119815668202765
1,11,17,0,0.0
1,17,2,0,0.0
1,9,77,2,0.025974025974025976
1,21,2,0,0.0
1,24,2,0,0.0
1,10,42,0,0.0
1,13,7,0,0.0
1,12,12,0,0.0
1,14,4,0,0.0
1,18,1,0,0.0
1,16,1,0,0.0
1,19,1,0,0.0
1,15,1,0,0.0
