iter,utterance_length,nb_utterances,produced,production_score
1,2,405,405,1.0
1,3,603,429,0.7114427860696517
1,4,489,234,0.4785276073619632
1,7,230,29,0.12608695652173912
1,5,404,144,0.3564356435643564
1,10,47,0,0.0
1,18,1,0,0.0
1,6,312,49,0.15705128205128205
1,11,34,0,0.0
1,13,17,0,0.0
1,8,172,10,0.05813953488372093
1,9,91,0,0.0
1,14,14,0,0.0
1,16,4,0,0.0
1,12,10,0,0.0
1,15,6,0,0.0
1,19,2,0,0.0
1,20,2,0,0.0
1,37,1,0,0.0
1,17,4,0,0.0
