iter,utterance_length,nb_utterances,produced,production_score
1,2,4015,4015,1.0
1,3,2744,1912,0.6967930029154519
1,4,1595,664,0.41630094043887145
1,5,808,136,0.16831683168316833
1,6,347,21,0.06051873198847262
1,9,29,0,0.0
1,7,154,7,0.045454545454545456
1,8,77,2,0.025974025974025976
1,10,11,0,0.0
1,11,7,0,0.0
1,15,1,0,0.0
1,12,3,0,0.0
1,14,1,0,0.0
1,16,1,0,0.0
1,13,1,0,0.0
