iter,utterance_length,nb_utterances,produced,production_score
1,2,1947,1947,1.0
1,4,1410,644,0.45673758865248226
1,3,1734,1221,0.7041522491349481
1,5,984,280,0.2845528455284553
1,6,587,74,0.1260647359454855
1,9,127,3,0.023622047244094488
1,7,313,24,0.07667731629392971
1,8,180,4,0.022222222222222223
1,10,67,0,0.0
1,11,34,0,0.0
1,13,21,0,0.0
1,17,5,0,0.0
1,20,4,0,0.0
1,14,11,0,0.0
1,19,2,0,0.0
1,12,29,0,0.0
1,16,4,0,0.0
1,15,5,0,0.0
1,21,1,0,0.0
