iter,utterance_length,nb_utterances,produced,production_score
1,4,2577,1234,0.4788513775708188
1,2,3598,3598,1.0
1,3,3707,2882,0.7774480712166172
1,5,1381,352,0.2548877624909486
1,7,310,27,0.08709677419354839
1,6,621,105,0.16908212560386474
1,8,124,3,0.024193548387096774
1,9,67,1,0.014925373134328358
1,10,33,0,0.0
1,12,7,0,0.0
1,11,16,0,0.0
1,13,6,0,0.0
1,14,4,0,0.0
1,18,1,0,0.0
1,17,1,0,0.0
1,25,1,0,0.0
1,15,1,0,0.0
